Report Name : STORAGE  SYSTEM,,,,,,,,
Name : STORAGE SYSTEM,,,,,,,,
Time Span: From 15 May  2024 12:00:00 AM To 14 Jun  2024 11:59:59 PM,,,,,,,,
status,,,,,value,,,
Up (%),,,,,100,,,
Name : STORAGE SYSTEM,,,,,,,,
Time Span: From 15 May  2024 12:00:00 AM To 14 Jun  2024 11:59:59 PM,,,,,,,,
Monitor,Type,Up (%),Up Time,Down (%),,Down Time,Maintenance (%),Maintenance Time
172.16.4.74,SNMP Device,100,30 days 23 hours 59 minutes 59 seconds ,0,,0 days 0 hours 0 minutes 0 seconds,0,0 days 0 hours 0 minutes 0 seconds
172.16.4.73,SNMP Device,100,30 days 23 hours 59 minutes 59 seconds ,0,,0 days 0 hours 0 minutes 0 seconds,0,0 days 0 hours 0 minutes 0 seconds
172.16.4.72,SNMP Device,100,30 days 23 hours 59 minutes 59 seconds ,0,,0 days 0 hours 0 minutes 0 seconds,0,0 days 0 hours 0 minutes 0 seconds
172.16.4.75,SNMP Device,100,30 days 23 hours 59 minutes 59 seconds ,0,,0 days 0 hours 0 minutes 0 seconds,0,0 days 0 hours 0 minutes 0 seconds
